basin_id,theta_opt,theta_ci_low,theta_ci_high,n_cells,rmse
1,0.3000,0.2500,0.3000,668,24.130979
2,0.2000,0.1500,0.2000,702,22.837806
3,0.2000,0.2000,0.2000,927,27.554252
4,0.3500,0.3500,0.3500,2564,40.144663
5,0.3000,0.3000,0.3000,2457,66.905855
6,0.4000,0.3500,0.4000,1904,39.615068
