implementation,rep,peak_rss_mb,wall_clock_s
surtgis,1,1278.21875,7.64
python,1,640.67578125,13.85
surtgis,2,1277.453125,8.74
python,2,640.140625,11.82
surtgis,3,1277.953125,9.87
python,3,640.07421875,12.4
