implementation,rep,wall_clock_s
surtgis,1,2.492453306913376
python,1,3.8599586591590196
instageo-style,1,2.6855525269638747
surtgis,2,2.2741274470463395
python,2,3.9352862399537116
instageo-style,2,2.7659284609835595
surtgis,3,3.570345957065001
python,3,4.823753154138103
instageo-style,3,2.870581986149773
